<?xml version="1.0" encoding="UTF-8"?>
<GenRun Id="synth_1" LaunchPart="xc7a100tcsg324-1" LaunchTime="1688156469" LaunchIncrCheckpoint="$PSRCDIR/utils_1/imports/synth_1/ME_top.dcp">
  <File Type="PA-TCL" Name="ME_top.tcl"/>
  <File Type="RDS-PROPCONSTRS" Name="ME_top_drc_synth.rpt"/>
  <File Type="REPORTS-TCL" Name="ME_top_reports.tcl"/>
  <File Type="RDS-RDS" Name="ME_top.vds"/>
  <File Type="RDS-UTIL" Name="ME_top_utilization_synth.rpt"/>
  <File Type="RDS-UTIL-PB" Name="ME_top_utilization_synth.pb"/>
  <File Type="RDS-DCP" Name="ME_top.dcp"/>
  <File Type="VDS-TIMINGSUMMARY" Name="ME_top_timing_summary_synth.rpt"/>
  <File Type="VDS-TIMING-PB" Name="ME_top_timing_summary_synth.pb"/>
  <FileSet Name="sources" Type="DesignSrcs" RelSrcDir="$PSRCDIR/sources_1" RelGenDir="$PGENDIR/sources_1">
    <Filter Type="Srcs"/>
    <File Path="$PPRDIR/../../../../Downloads/ELO212-reference-modules-master_CARVAJAL/ELO212-reference-modules-master/UART_reference_files/UART_ME_reference/UART_master.srcs/sources/bcd_to_ss.v">
      <FileInfo>
        <Attr Name="UsedIn" Val="synthesis"/>
        <Attr Name="UsedIn" Val="implementation"/>
        <Attr Name="UsedIn" Val="simulation"/>
      </FileInfo>
    </File>
    <File Path="$PPRDIR/../../../../Downloads/ELO212-reference-modules-master_CARVAJAL/ELO212-reference-modules-master/UART_reference_files/UART_ME_reference/UART_master.srcs/sources/clk_divider.v">
      <FileInfo>
        <Attr Name="UsedIn" Val="synthesis"/>
        <Attr Name="UsedIn" Val="implementation"/>
        <Attr Name="UsedIn" Val="simulation"/>
      </FileInfo>
    </File>
    <File Path="$PPRDIR/../../../../Downloads/ELO212-reference-modules-master_CARVAJAL/ELO212-reference-modules-master/UART_reference_files/UART_ME_reference/UART_master.srcs/sources/uart/data_sync.v">
      <FileInfo>
        <Attr Name="UsedIn" Val="synthesis"/>
        <Attr Name="UsedIn" Val="implementation"/>
        <Attr Name="UsedIn" Val="simulation"/>
      </FileInfo>
    </File>
    <File Path="$PPRDIR/../../../../Downloads/ELO212-reference-modules-master_CARVAJAL/ELO212-reference-modules-master/UART_reference_files/UART_ME_reference/UART_master.srcs/sources/display_mux.v">
      <FileInfo>
        <Attr Name="UsedIn" Val="synthesis"/>
        <Attr Name="UsedIn" Val="implementation"/>
        <Attr Name="UsedIn" Val="simulation"/>
      </FileInfo>
    </File>
    <File Path="$PPRDIR/../../../../Downloads/ELO212-reference-modules-master_CARVAJAL/ELO212-reference-modules-master/UART_reference_files/UART_ME_reference/UART_master.srcs/sources/uart/uart_basic.v">
      <FileInfo>
        <Attr Name="UsedIn" Val="synthesis"/>
        <Attr Name="UsedIn" Val="implementation"/>
        <Attr Name="UsedIn" Val="simulation"/>
      </FileInfo>
    </File>
    <File Path="$PPRDIR/../../../../Downloads/ELO212-reference-modules-master_CARVAJAL/ELO212-reference-modules-master/UART_reference_files/UART_ME_reference/UART_master.srcs/sources/uart/uart_baud_tick_gen.v">
      <FileInfo>
        <Attr Name="UsedIn" Val="synthesis"/>
        <Attr Name="UsedIn" Val="implementation"/>
        <Attr Name="UsedIn" Val="simulation"/>
      </FileInfo>
    </File>
    <File Path="$PPRDIR/../../../../Downloads/ELO212-reference-modules-master_CARVAJAL/ELO212-reference-modules-master/UART_reference_files/UART_ME_reference/UART_master.srcs/sources/uart/uart_rx.v">
      <FileInfo>
        <Attr Name="UsedIn" Val="synthesis"/>
        <Attr Name="UsedIn" Val="implementation"/>
        <Attr Name="UsedIn" Val="simulation"/>
      </FileInfo>
    </File>
    <File Path="$PPRDIR/../../../../Downloads/ELO212-reference-modules-master_CARVAJAL/ELO212-reference-modules-master/UART_reference_files/UART_ME_reference/UART_master.srcs/sources/unsigned_to_bcd.v">
      <FileInfo>
        <Attr Name="UsedIn" Val="synthesis"/>
        <Attr Name="UsedIn" Val="implementation"/>
        <Attr Name="UsedIn" Val="simulation"/>
      </FileInfo>
    </File>
    <File Path="$PPRDIR/../../../../Downloads/ELO212-reference-modules-master_CARVAJAL/ELO212-reference-modules-master/UART_reference_files/UART_ME_reference/UART_master.srcs/sources/FSM_debouncer.sv">
      <FileInfo>
        <Attr Name="UsedIn" Val="synthesis"/>
        <Attr Name="UsedIn" Val="implementation"/>
        <Attr Name="UsedIn" Val="simulation"/>
      </FileInfo>
    </File>
    <File Path="$PPRDIR/../../../../Downloads/ELO212-reference-modules-master_CARVAJAL/ELO212-reference-modules-master/UART_reference_files/UART_ME_reference/UART_master.srcs/sources/TX_control.sv">
      <FileInfo>
        <Attr Name="UsedIn" Val="synthesis"/>
        <Attr Name="UsedIn" Val="implementation"/>
        <Attr Name="UsedIn" Val="simulation"/>
      </FileInfo>
    </File>
    <File Path="$PPRDIR/../../../../Downloads/ELO212-reference-modules-master_CARVAJAL/ELO212-reference-modules-master/UART_reference_files/UART_ME_reference/UART_master.srcs/sources/TX_sequence.sv">
      <FileInfo>
        <Attr Name="UsedIn" Val="synthesis"/>
        <Attr Name="UsedIn" Val="implementation"/>
        <Attr Name="UsedIn" Val="simulation"/>
      </FileInfo>
    </File>
    <File Path="$PPRDIR/../../../../Downloads/ELO212-reference-modules-master_CARVAJAL/ELO212-reference-modules-master/UART_reference_files/UART_ME_reference/UART_master.srcs/sources/UART_tx_control_wrapper.sv">
      <FileInfo>
        <Attr Name="UsedIn" Val="synthesis"/>
        <Attr Name="UsedIn" Val="implementation"/>
        <Attr Name="UsedIn" Val="simulation"/>
      </FileInfo>
    </File>
    <File Path="$PPRDIR/../../../../Downloads/ELO212-reference-modules-master_CARVAJAL/ELO212-reference-modules-master/UART_reference_files/UART_ME_reference/UART_master.srcs/sources/ME_top.sv">
      <FileInfo>
        <Attr Name="UsedIn" Val="synthesis"/>
        <Attr Name="UsedIn" Val="implementation"/>
        <Attr Name="UsedIn" Val="simulation"/>
      </FileInfo>
    </File>
    <File Path="$PPRDIR/../../../../Downloads/ELO212-reference-modules-master_CARVAJAL/ELO212-reference-modules-master/UART_reference_files/UART_ME_reference/UART_master.srcs/sources/uart/uart_tx.v">
      <FileInfo>
        <Attr Name="AutoDisabled" Val="1"/>
        <Attr Name="UsedIn" Val="synthesis"/>
        <Attr Name="UsedIn" Val="implementation"/>
        <Attr Name="UsedIn" Val="simulation"/>
      </FileInfo>
    </File>
    <Config>
      <Option Name="DesignMode" Val="RTL"/>
      <Option Name="TopModule" Val="ME_top"/>
      <Option Name="TopAutoSet" Val="TRUE"/>
    </Config>
  </FileSet>
  <FileSet Name="constrs_in" Type="Constrs" RelSrcDir="$PSRCDIR/constrs_1">
    <Filter Type="Constrs"/>
    <File Path="$PPRDIR/../../../../Downloads/ELO212-reference-modules-master_CARVAJAL/ELO212-reference-modules-master/UART_reference_files/UART_ME_reference/UART_master.srcs/constrs/UART_master_const.xdc">
      <FileInfo>
        <Attr Name="UsedIn" Val="synthesis"/>
        <Attr Name="UsedIn" Val="implementation"/>
      </FileInfo>
    </File>
    <Config>
      <Option Name="ConstrsType" Val="XDC"/>
    </Config>
  </FileSet>
  <FileSet Name="utils" Type="Utils" RelSrcDir="$PSRCDIR/utils_1">
    <Filter Type="Utils"/>
    <File Path="$PSRCDIR/utils_1/imports/synth_1/ME_top.dcp">
      <FileInfo>
        <Attr Name="UsedIn" Val="synthesis"/>
        <Attr Name="UsedIn" Val="implementation"/>
        <Attr Name="UsedInSteps" Val="synth_1"/>
        <Attr Name="AutoDcp" Val="1"/>
      </FileInfo>
    </File>
    <Config>
      <Option Name="TopAutoSet" Val="TRUE"/>
    </Config>
  </FileSet>
  <Strategy Version="1" Minor="2">
    <StratHandle Name="Vivado Synthesis Defaults" Flow="Vivado Synthesis 2022"/>
    <Step Id="synth_design"/>
  </Strategy>
</GenRun>
