<?xml version="1.0" encoding="UTF-8"?>
<GenRun Id="impl_1" LaunchPart="xc7a100tcsg324-1" LaunchTime="1685735575">
  <File Type="ROUTE-PWR" Name="S6_actividad1_power_routed.rpt"/>
  <File Type="PA-TCL" Name="S6_actividad1.tcl"/>
  <File Type="BITSTR-MMI" Name="S6_actividad1.mmi"/>
  <File Type="OPT-METHODOLOGY-DRC" Name="S6_actividad1_methodology_drc_opted.rpt"/>
  <File Type="INIT-TIMING" Name="S6_actividad1_timing_summary_init.rpt"/>
  <File Type="ROUTE-PWR-SUM" Name="S6_actividad1_power_summary_routed.pb"/>
  <File Type="REPORTS-TCL" Name="S6_actividad1_reports.tcl"/>
  <File Type="OPT-TIMING" Name="S6_actividad1_timing_summary_opted.rpt"/>
  <File Type="OPT-DCP" Name="S6_actividad1_opt.dcp"/>
  <File Type="OPT-DRC" Name="S6_actividad1_drc_opted.rpt"/>
  <File Type="OPT-HWDEF" Name="S6_actividad1.hwdef"/>
  <File Type="PWROPT-DCP" Name="S6_actividad1_pwropt.dcp"/>
  <File Type="PWROPT-DRC" Name="S6_actividad1_drc_pwropted.rpt"/>
  <File Type="PWROPT-TIMING" Name="S6_actividad1_timing_summary_pwropted.rpt"/>
  <File Type="PLACE-DCP" Name="S6_actividad1_placed.dcp"/>
  <File Type="PLACE-IO" Name="S6_actividad1_io_placed.rpt"/>
  <File Type="PLACE-CLK" Name="S6_actividad1_clock_utilization_placed.rpt"/>
  <File Type="PLACE-UTIL" Name="S6_actividad1_utilization_placed.rpt"/>
  <File Type="PLACE-UTIL-PB" Name="S6_actividad1_utilization_placed.pb"/>
  <File Type="PLACE-CTRL" Name="S6_actividad1_control_sets_placed.rpt"/>
  <File Type="PLACE-SIMILARITY" Name="S6_actividad1_incremental_reuse_placed.rpt"/>
  <File Type="PLACE-PRE-SIMILARITY" Name="S6_actividad1_incremental_reuse_pre_placed.rpt"/>
  <File Type="BG-BIN" Name="S6_actividad1.bin"/>
  <File Type="PLACE-TIMING" Name="S6_actividad1_timing_summary_placed.rpt"/>
  <File Type="POSTPLACE-PWROPT-DCP" Name="S6_actividad1_postplace_pwropt.dcp"/>
  <File Type="BITSTR-MSK" Name="S6_actividad1.msk"/>
  <File Type="POSTPLACE-PWROPT-TIMING" Name="S6_actividad1_timing_summary_postplace_pwropted.rpt"/>
  <File Type="PHYSOPT-DCP" Name="S6_actividad1_physopt.dcp"/>
  <File Type="PHYSOPT-DRC" Name="S6_actividad1_drc_physopted.rpt"/>
  <File Type="BITSTR-RBT" Name="S6_actividad1.rbt"/>
  <File Type="PHYSOPT-TIMING" Name="S6_actividad1_timing_summary_physopted.rpt"/>
  <File Type="ROUTE-ERROR-DCP" Name="S6_actividad1_routed_error.dcp"/>
  <File Type="ROUTE-DCP" Name="S6_actividad1_routed.dcp"/>
  <File Type="ROUTE-BLACKBOX-DCP" Name="S6_actividad1_routed_bb.dcp"/>
  <File Type="ROUTE-DRC" Name="S6_actividad1_drc_routed.rpt"/>
  <File Type="ROUTE-DRC-PB" Name="S6_actividad1_drc_routed.pb"/>
  <File Type="ROUTE-DRC-RPX" Name="S6_actividad1_drc_routed.rpx"/>
  <File Type="ROUTE-METHODOLOGY-DRC" Name="S6_actividad1_methodology_drc_routed.rpt"/>
  <File Type="ROUTE-METHODOLOGY-DRC-RPX" Name="S6_actividad1_methodology_drc_routed.rpx"/>
  <File Type="ROUTE-METHODOLOGY-DRC-PB" Name="S6_actividad1_methodology_drc_routed.pb"/>
  <File Type="ROUTE-PWR-RPX" Name="S6_actividad1_power_routed.rpx"/>
  <File Type="ROUTE-STATUS" Name="S6_actividad1_route_status.rpt"/>
  <File Type="ROUTE-STATUS-PB" Name="S6_actividad1_route_status.pb"/>
  <File Type="ROUTE-TIMINGSUMMARY" Name="S6_actividad1_timing_summary_routed.rpt"/>
  <File Type="ROUTE-TIMING-PB" Name="S6_actividad1_timing_summary_routed.pb"/>
  <File Type="ROUTE-TIMING-RPX" Name="S6_actividad1_timing_summary_routed.rpx"/>
  <File Type="ROUTE-SIMILARITY" Name="S6_actividad1_incremental_reuse_routed.rpt"/>
  <File Type="ROUTE-CLK" Name="S6_actividad1_clock_utilization_routed.rpt"/>
  <File Type="ROUTE-BUS-SKEW" Name="S6_actividad1_bus_skew_routed.rpt"/>
  <File Type="ROUTE-BUS-SKEW-PB" Name="S6_actividad1_bus_skew_routed.pb"/>
  <File Type="ROUTE-BUS-SKEW-RPX" Name="S6_actividad1_bus_skew_routed.rpx"/>
  <File Type="POSTROUTE-PHYSOPT-DCP" Name="S6_actividad1_postroute_physopt.dcp"/>
  <File Type="POSTROUTE-PHYSOPT-BLACKBOX-DCP" Name="S6_actividad1_postroute_physopt_bb.dcp"/>
  <File Type="POSTROUTE-PHYSOPT-TIMING" Name="S6_actividad1_timing_summary_postroute_physopted.rpt"/>
  <File Type="POSTROUTE-PHYSOPT-TIMING-PB" Name="S6_actividad1_timing_summary_postroute_physopted.pb"/>
  <File Type="POSTROUTE-PHYSOPT-TIMING-RPX" Name="S6_actividad1_timing_summary_postroute_physopted.rpx"/>
  <File Type="POSTROUTE-PHYSOPT-BUS-SKEW" Name="S6_actividad1_bus_skew_postroute_physopted.rpt"/>
  <File Type="BG-BIT" Name="S6_actividad1.bit"/>
  <File Type="POSTROUTE-PHYSOPT-BUS-SKEW-PB" Name="S6_actividad1_bus_skew_postroute_physopted.pb"/>
  <File Type="POSTROUTE-PHYSOPT-BUS-SKEW-RPX" Name="S6_actividad1_bus_skew_postroute_physopted.rpx"/>
  <File Type="BITSTR-NKY" Name="S6_actividad1.nky"/>
  <File Type="BITSTR-BMM" Name="S6_actividad1_bd.bmm"/>
  <File Type="PDI-FILE" Name="S6_actividad1.pdi"/>
  <File Type="RCFI_FILE" Name="S6_actividad1.rcfi"/>
  <File Type="CFI_FILE" Name="S6_actividad1.cfi"/>
  <File Type="RNPI_FILE" Name="S6_actividad1.rnpi"/>
  <File Type="NPI_FILE" Name="S6_actividad1.npi"/>
  <File Type="RBD_FILE" Name="S6_actividad1.rbd"/>
  <File Type="BITSTR-LTX" Name="debug_nets.ltx"/>
  <File Type="BITSTR-LTX" Name="S6_actividad1.ltx"/>
  <File Type="BITSTR-SYSDEF" Name="S6_actividad1.sysdef"/>
  <File Type="BG-BGN" Name="S6_actividad1.bgn"/>
  <File Type="BG-DRC" Name="S6_actividad1.drc"/>
  <File Type="RDI-RDI" Name="S6_actividad1.vdi"/>
  <File Type="WBT-USG" Name="usage_statistics_webtalk.html"/>
  <File Type="ROUTE-RQS" Name="S6_actividad1_routed.rqs"/>
  <File Type="POSTROUTE-PHYSOPT-RQS" Name="S6_actividad1_postroute_physopted.rqs"/>
  <File Type="ROUTE-RQS-RPT" Name="route_report_qor_suggestions_0.rpt"/>
  <File Type="POSTROUTE-PHYSOPT-RQS-RPT" Name="postroute_physopt_report_qor_suggestions_0.rpt"/>
  <FileSet Name="sources" Type="DesignSrcs" RelSrcDir="$PSRCDIR/sources_1" RelGenDir="$PGENDIR/sources_1">
    <Filter Type="Srcs"/>
    <File Path="$PSRCDIR/sources_1/new/ALU.sv">
      <FileInfo>
        <Attr Name="UsedIn" Val="synthesis"/>
        <Attr Name="UsedIn" Val="implementation"/>
        <Attr Name="UsedIn" Val="simulation"/>
      </FileInfo>
    </File>
    <File Path="$PSRCDIR/sources_1/new/BCD_to_Seven_Seg.sv">
      <FileInfo>
        <Attr Name="UsedIn" Val="synthesis"/>
        <Attr Name="UsedIn" Val="implementation"/>
        <Attr Name="UsedIn" Val="simulation"/>
      </FileInfo>
    </File>
    <File Path="$PSRCDIR/sources_1/new/Mux_4in.sv">
      <FileInfo>
        <Attr Name="UsedIn" Val="synthesis"/>
        <Attr Name="UsedIn" Val="implementation"/>
        <Attr Name="UsedIn" Val="simulation"/>
      </FileInfo>
    </File>
    <File Path="$PSRCDIR/sources_1/new/binary_decoder.sv">
      <FileInfo>
        <Attr Name="UsedIn" Val="synthesis"/>
        <Attr Name="UsedIn" Val="implementation"/>
        <Attr Name="UsedIn" Val="simulation"/>
      </FileInfo>
    </File>
    <File Path="$PSRCDIR/sources_1/new/counter_Nbit.sv">
      <FileInfo>
        <Attr Name="UsedIn" Val="synthesis"/>
        <Attr Name="UsedIn" Val="implementation"/>
        <Attr Name="UsedIn" Val="simulation"/>
      </FileInfo>
    </File>
    <File Path="$PSRCDIR/sources_1/new/register_N.sv">
      <FileInfo>
        <Attr Name="UsedIn" Val="synthesis"/>
        <Attr Name="UsedIn" Val="implementation"/>
        <Attr Name="UsedIn" Val="simulation"/>
      </FileInfo>
    </File>
    <File Path="$PSRCDIR/sources_1/new/temporal_multiplexing.sv">
      <FileInfo>
        <Attr Name="UsedIn" Val="synthesis"/>
        <Attr Name="UsedIn" Val="implementation"/>
        <Attr Name="UsedIn" Val="simulation"/>
      </FileInfo>
    </File>
    <File Path="$PSRCDIR/sources_1/new/S6_actividad1.sv">
      <FileInfo>
        <Attr Name="UsedIn" Val="synthesis"/>
        <Attr Name="UsedIn" Val="implementation"/>
        <Attr Name="UsedIn" Val="simulation"/>
      </FileInfo>
    </File>
    <File Path="$PSRCDIR/sources_1/new/clock_divider.sv">
      <FileInfo>
        <Attr Name="AutoDisabled" Val="1"/>
        <Attr Name="UsedIn" Val="synthesis"/>
        <Attr Name="UsedIn" Val="implementation"/>
        <Attr Name="UsedIn" Val="simulation"/>
      </FileInfo>
    </File>
    <Config>
      <Option Name="DesignMode" Val="RTL"/>
      <Option Name="TopModule" Val="S6_actividad1"/>
      <Option Name="TopAutoSet" Val="TRUE"/>
    </Config>
  </FileSet>
  <FileSet Name="constrs_in" Type="Constrs" RelSrcDir="$PSRCDIR/constrs_1">
    <Filter Type="Constrs"/>
    <File Path="$PSRCDIR/constrs_1/new/constrains.xdc">
      <FileInfo>
        <Attr Name="UsedIn" Val="synthesis"/>
        <Attr Name="UsedIn" Val="implementation"/>
      </FileInfo>
    </File>
    <Config>
      <Option Name="ConstrsType" Val="XDC"/>
    </Config>
  </FileSet>
  <FileSet Name="utils" Type="Utils" RelSrcDir="$PSRCDIR/utils_1">
    <Filter Type="Utils"/>
    <Config>
      <Option Name="TopAutoSet" Val="TRUE"/>
    </Config>
  </FileSet>
  <Strategy Version="1" Minor="2">
    <StratHandle Name="Vivado Implementation Defaults" Flow="Vivado Implementation 2022">
      <Desc>Default settings for Implementation.</Desc>
    </StratHandle>
    <Step Id="init_design"/>
    <Step Id="opt_design"/>
    <Step Id="power_opt_design"/>
    <Step Id="place_design"/>
    <Step Id="post_place_power_opt_design"/>
    <Step Id="phys_opt_design"/>
    <Step Id="route_design"/>
    <Step Id="post_route_phys_opt_design"/>
    <Step Id="write_bitstream"/>
  </Strategy>
</GenRun>
