<?xml version="1.0" encoding="UTF-8"?>
<GenRun Id="impl_1" LaunchPart="xc7a100tcsg324-1" LaunchTime="1688159629">
  <File Type="ROUTE-PWR" Name="UART_SE_power_routed.rpt"/>
  <File Type="PA-TCL" Name="UART_SE.tcl"/>
  <File Type="BITSTR-MMI" Name="UART_SE.mmi"/>
  <File Type="OPT-METHODOLOGY-DRC" Name="UART_SE_methodology_drc_opted.rpt"/>
  <File Type="INIT-TIMING" Name="UART_SE_timing_summary_init.rpt"/>
  <File Type="ROUTE-PWR-SUM" Name="UART_SE_power_summary_routed.pb"/>
  <File Type="REPORTS-TCL" Name="UART_SE_reports.tcl"/>
  <File Type="OPT-TIMING" Name="UART_SE_timing_summary_opted.rpt"/>
  <File Type="OPT-DCP" Name="UART_SE_opt.dcp"/>
  <File Type="OPT-DRC" Name="UART_SE_drc_opted.rpt"/>
  <File Type="OPT-HWDEF" Name="UART_SE.hwdef"/>
  <File Type="PWROPT-DCP" Name="UART_SE_pwropt.dcp"/>
  <File Type="PWROPT-DRC" Name="UART_SE_drc_pwropted.rpt"/>
  <File Type="PWROPT-TIMING" Name="UART_SE_timing_summary_pwropted.rpt"/>
  <File Type="PLACE-DCP" Name="UART_SE_placed.dcp"/>
  <File Type="PLACE-IO" Name="UART_SE_io_placed.rpt"/>
  <File Type="PLACE-CLK" Name="UART_SE_clock_utilization_placed.rpt"/>
  <File Type="PLACE-UTIL" Name="UART_SE_utilization_placed.rpt"/>
  <File Type="PLACE-UTIL-PB" Name="UART_SE_utilization_placed.pb"/>
  <File Type="PLACE-CTRL" Name="UART_SE_control_sets_placed.rpt"/>
  <File Type="PLACE-SIMILARITY" Name="UART_SE_incremental_reuse_placed.rpt"/>
  <File Type="PLACE-PRE-SIMILARITY" Name="UART_SE_incremental_reuse_pre_placed.rpt"/>
  <File Type="BG-BIN" Name="UART_SE.bin"/>
  <File Type="PLACE-TIMING" Name="UART_SE_timing_summary_placed.rpt"/>
  <File Type="POSTPLACE-PWROPT-DCP" Name="UART_SE_postplace_pwropt.dcp"/>
  <File Type="BITSTR-MSK" Name="UART_SE.msk"/>
  <File Type="POSTPLACE-PWROPT-TIMING" Name="UART_SE_timing_summary_postplace_pwropted.rpt"/>
  <File Type="PHYSOPT-DCP" Name="UART_SE_physopt.dcp"/>
  <File Type="PHYSOPT-DRC" Name="UART_SE_drc_physopted.rpt"/>
  <File Type="BITSTR-RBT" Name="UART_SE.rbt"/>
  <File Type="PHYSOPT-TIMING" Name="UART_SE_timing_summary_physopted.rpt"/>
  <File Type="ROUTE-ERROR-DCP" Name="UART_SE_routed_error.dcp"/>
  <File Type="ROUTE-DCP" Name="UART_SE_routed.dcp"/>
  <File Type="ROUTE-BLACKBOX-DCP" Name="UART_SE_routed_bb.dcp"/>
  <File Type="ROUTE-DRC" Name="UART_SE_drc_routed.rpt"/>
  <File Type="ROUTE-DRC-PB" Name="UART_SE_drc_routed.pb"/>
  <File Type="ROUTE-DRC-RPX" Name="UART_SE_drc_routed.rpx"/>
  <File Type="ROUTE-METHODOLOGY-DRC" Name="UART_SE_methodology_drc_routed.rpt"/>
  <File Type="ROUTE-METHODOLOGY-DRC-RPX" Name="UART_SE_methodology_drc_routed.rpx"/>
  <File Type="ROUTE-METHODOLOGY-DRC-PB" Name="UART_SE_methodology_drc_routed.pb"/>
  <File Type="ROUTE-PWR-RPX" Name="UART_SE_power_routed.rpx"/>
  <File Type="ROUTE-STATUS" Name="UART_SE_route_status.rpt"/>
  <File Type="ROUTE-STATUS-PB" Name="UART_SE_route_status.pb"/>
  <File Type="ROUTE-TIMINGSUMMARY" Name="UART_SE_timing_summary_routed.rpt"/>
  <File Type="ROUTE-TIMING-PB" Name="UART_SE_timing_summary_routed.pb"/>
  <File Type="ROUTE-TIMING-RPX" Name="UART_SE_timing_summary_routed.rpx"/>
  <File Type="ROUTE-SIMILARITY" Name="UART_SE_incremental_reuse_routed.rpt"/>
  <File Type="ROUTE-CLK" Name="UART_SE_clock_utilization_routed.rpt"/>
  <File Type="ROUTE-BUS-SKEW" Name="UART_SE_bus_skew_routed.rpt"/>
  <File Type="ROUTE-BUS-SKEW-PB" Name="UART_SE_bus_skew_routed.pb"/>
  <File Type="ROUTE-BUS-SKEW-RPX" Name="UART_SE_bus_skew_routed.rpx"/>
  <File Type="POSTROUTE-PHYSOPT-DCP" Name="UART_SE_postroute_physopt.dcp"/>
  <File Type="POSTROUTE-PHYSOPT-BLACKBOX-DCP" Name="UART_SE_postroute_physopt_bb.dcp"/>
  <File Type="POSTROUTE-PHYSOPT-TIMING" Name="UART_SE_timing_summary_postroute_physopted.rpt"/>
  <File Type="POSTROUTE-PHYSOPT-TIMING-PB" Name="UART_SE_timing_summary_postroute_physopted.pb"/>
  <File Type="POSTROUTE-PHYSOPT-TIMING-RPX" Name="UART_SE_timing_summary_postroute_physopted.rpx"/>
  <File Type="POSTROUTE-PHYSOPT-BUS-SKEW" Name="UART_SE_bus_skew_postroute_physopted.rpt"/>
  <File Type="BG-BIT" Name="UART_SE.bit"/>
  <File Type="POSTROUTE-PHYSOPT-BUS-SKEW-PB" Name="UART_SE_bus_skew_postroute_physopted.pb"/>
  <File Type="POSTROUTE-PHYSOPT-BUS-SKEW-RPX" Name="UART_SE_bus_skew_postroute_physopted.rpx"/>
  <File Type="BITSTR-NKY" Name="UART_SE.nky"/>
  <File Type="BITSTR-BMM" Name="UART_SE_bd.bmm"/>
  <File Type="PDI-FILE" Name="UART_SE.pdi"/>
  <File Type="RCFI_FILE" Name="UART_SE.rcfi"/>
  <File Type="CFI_FILE" Name="UART_SE.cfi"/>
  <File Type="RNPI_FILE" Name="UART_SE.rnpi"/>
  <File Type="NPI_FILE" Name="UART_SE.npi"/>
  <File Type="RBD_FILE" Name="UART_SE.rbd"/>
  <File Type="BITSTR-LTX" Name="debug_nets.ltx"/>
  <File Type="BITSTR-LTX" Name="UART_SE.ltx"/>
  <File Type="BITSTR-SYSDEF" Name="UART_SE.sysdef"/>
  <File Type="BG-BGN" Name="UART_SE.bgn"/>
  <File Type="BG-DRC" Name="UART_SE.drc"/>
  <File Type="RDI-RDI" Name="UART_SE.vdi"/>
  <File Type="WBT-USG" Name="usage_statistics_webtalk.html"/>
  <File Type="ROUTE-RQS" Name="UART_SE_routed.rqs"/>
  <File Type="POSTROUTE-PHYSOPT-RQS" Name="UART_SE_postroute_physopted.rqs"/>
  <File Type="ROUTE-RQS-RPT" Name="route_report_qor_suggestions_0.rpt"/>
  <File Type="POSTROUTE-PHYSOPT-RQS-RPT" Name="postroute_physopt_report_qor_suggestions_0.rpt"/>
  <FileSet Name="sources" Type="DesignSrcs" RelSrcDir="$PSRCDIR/sources_1" RelGenDir="$PGENDIR/sources_1">
    <Filter Type="Srcs"/>
    <File Path="$PPRDIR/../../../../Downloads/ELO212-reference-modules-master_CARVAJAL/ELO212-reference-modules-master/UART_reference_files/UART_ME_reference/UART_master.srcs/sources/uart/data_sync.v">
      <FileInfo>
        <Attr Name="UsedIn" Val="synthesis"/>
        <Attr Name="UsedIn" Val="implementation"/>
        <Attr Name="UsedIn" Val="simulation"/>
      </FileInfo>
    </File>
    <File Path="$PSRCDIR/sources_1/imports/uart/uart_basic.v">
      <FileInfo>
        <Attr Name="UsedIn" Val="synthesis"/>
        <Attr Name="UsedIn" Val="implementation"/>
        <Attr Name="UsedIn" Val="simulation"/>
      </FileInfo>
    </File>
    <File Path="$PPRDIR/../../../../Downloads/ELO212-reference-modules-master_CARVAJAL/ELO212-reference-modules-master/UART_reference_files/UART_ME_reference/UART_master.srcs/sources/uart/uart_baud_tick_gen.v">
      <FileInfo>
        <Attr Name="UsedIn" Val="synthesis"/>
        <Attr Name="UsedIn" Val="implementation"/>
        <Attr Name="UsedIn" Val="simulation"/>
      </FileInfo>
    </File>
    <File Path="$PPRDIR/../../../../Downloads/ELO212-reference-modules-master_CARVAJAL/ELO212-reference-modules-master/UART_reference_files/UART_ME_reference/UART_master.srcs/sources/uart/uart_rx.v">
      <FileInfo>
        <Attr Name="UsedIn" Val="synthesis"/>
        <Attr Name="UsedIn" Val="implementation"/>
        <Attr Name="UsedIn" Val="simulation"/>
      </FileInfo>
    </File>
    <File Path="$PSRCDIR/sources_1/imports/uart/uart_tx.v">
      <FileInfo>
        <Attr Name="UsedIn" Val="synthesis"/>
        <Attr Name="UsedIn" Val="implementation"/>
        <Attr Name="UsedIn" Val="simulation"/>
      </FileInfo>
    </File>
    <File Path="$PSRCDIR/sources_1/new/ALU.sv">
      <FileInfo>
        <Attr Name="UsedIn" Val="synthesis"/>
        <Attr Name="UsedIn" Val="implementation"/>
        <Attr Name="UsedIn" Val="simulation"/>
      </FileInfo>
    </File>
    <File Path="$PSRCDIR/sources_1/imports/Anodo_Select.sv">
      <FileInfo>
        <Attr Name="UsedIn" Val="synthesis"/>
        <Attr Name="UsedIn" Val="implementation"/>
        <Attr Name="UsedIn" Val="simulation"/>
      </FileInfo>
    </File>
    <File Path="$PSRCDIR/sources_1/imports/BCD_to_sevenSeg.sv">
      <FileInfo>
        <Attr Name="UsedIn" Val="synthesis"/>
        <Attr Name="UsedIn" Val="implementation"/>
        <Attr Name="UsedIn" Val="simulation"/>
      </FileInfo>
    </File>
    <File Path="$PSRCDIR/sources_1/new/Codificador.sv">
      <FileInfo>
        <Attr Name="UsedIn" Val="synthesis"/>
        <Attr Name="UsedIn" Val="implementation"/>
        <Attr Name="UsedIn" Val="simulation"/>
      </FileInfo>
    </File>
    <File Path="$PSRCDIR/sources_1/imports/Contador_nBits.sv">
      <FileInfo>
        <Attr Name="UsedIn" Val="synthesis"/>
        <Attr Name="UsedIn" Val="implementation"/>
        <Attr Name="UsedIn" Val="simulation"/>
      </FileInfo>
    </File>
    <File Path="$PSRCDIR/sources_1/new/FDCE.sv">
      <FileInfo>
        <Attr Name="UsedIn" Val="synthesis"/>
        <Attr Name="UsedIn" Val="implementation"/>
        <Attr Name="UsedIn" Val="simulation"/>
      </FileInfo>
    </File>
    <File Path="$PSRCDIR/sources_1/imports/SW_selector.sv">
      <FileInfo>
        <Attr Name="UsedIn" Val="synthesis"/>
        <Attr Name="UsedIn" Val="implementation"/>
        <Attr Name="UsedIn" Val="simulation"/>
      </FileInfo>
    </File>
    <File Path="$PSRCDIR/sources_1/new/UART_RX_CTRL.sv">
      <FileInfo>
        <Attr Name="UsedIn" Val="synthesis"/>
        <Attr Name="UsedIn" Val="implementation"/>
        <Attr Name="UsedIn" Val="simulation"/>
      </FileInfo>
    </File>
    <File Path="$PSRCDIR/sources_1/new/UART_TX_CTRL.sv">
      <FileInfo>
        <Attr Name="UsedIn" Val="synthesis"/>
        <Attr Name="UsedIn" Val="implementation"/>
        <Attr Name="UsedIn" Val="simulation"/>
      </FileInfo>
    </File>
    <File Path="$PSRCDIR/sources_1/new/Valor_display.sv">
      <FileInfo>
        <Attr Name="UsedIn" Val="synthesis"/>
        <Attr Name="UsedIn" Val="implementation"/>
        <Attr Name="UsedIn" Val="simulation"/>
      </FileInfo>
    </File>
    <File Path="$PSRCDIR/sources_1/imports/frequency_divider.sv">
      <FileInfo>
        <Attr Name="UsedIn" Val="synthesis"/>
        <Attr Name="UsedIn" Val="implementation"/>
        <Attr Name="UsedIn" Val="simulation"/>
      </FileInfo>
    </File>
    <File Path="$PSRCDIR/sources_1/new/unsigned_to_bcd.sv">
      <FileInfo>
        <Attr Name="UsedIn" Val="synthesis"/>
        <Attr Name="UsedIn" Val="implementation"/>
        <Attr Name="UsedIn" Val="simulation"/>
      </FileInfo>
    </File>
    <File Path="$PSRCDIR/sources_1/new/UART_SE.sv">
      <FileInfo>
        <Attr Name="UsedIn" Val="synthesis"/>
        <Attr Name="UsedIn" Val="implementation"/>
        <Attr Name="UsedIn" Val="simulation"/>
      </FileInfo>
    </File>
    <File Path="$PSRCDIR/sources_1/new/UART_basic_SE.sv">
      <FileInfo>
        <Attr Name="AutoDisabled" Val="1"/>
        <Attr Name="UsedIn" Val="synthesis"/>
        <Attr Name="UsedIn" Val="implementation"/>
        <Attr Name="UsedIn" Val="simulation"/>
      </FileInfo>
    </File>
    <Config>
      <Option Name="DesignMode" Val="RTL"/>
      <Option Name="TopModule" Val="UART_SE"/>
      <Option Name="TopAutoSet" Val="TRUE"/>
    </Config>
  </FileSet>
  <FileSet Name="constrs_in" Type="Constrs" RelSrcDir="$PSRCDIR/constrs_1">
    <Filter Type="Constrs"/>
    <File Path="$PSRCDIR/constrs_1/new/constraints.xdc">
      <FileInfo>
        <Attr Name="UsedIn" Val="synthesis"/>
        <Attr Name="UsedIn" Val="implementation"/>
      </FileInfo>
    </File>
    <Config>
      <Option Name="ConstrsType" Val="XDC"/>
    </Config>
  </FileSet>
  <FileSet Name="utils" Type="Utils" RelSrcDir="$PSRCDIR/utils_1">
    <Filter Type="Utils"/>
    <File Path="$PSRCDIR/utils_1/imports/synth_1/UART_SE.dcp">
      <FileInfo>
        <Attr Name="UsedIn" Val="synthesis"/>
        <Attr Name="UsedIn" Val="implementation"/>
        <Attr Name="UsedInSteps" Val="synth_1"/>
        <Attr Name="AutoDcp" Val="1"/>
      </FileInfo>
    </File>
    <Config>
      <Option Name="TopAutoSet" Val="TRUE"/>
    </Config>
  </FileSet>
  <Strategy Version="1" Minor="2">
    <StratHandle Name="Vivado Implementation Defaults" Flow="Vivado Implementation 2022"/>
    <Step Id="init_design"/>
    <Step Id="opt_design"/>
    <Step Id="power_opt_design"/>
    <Step Id="place_design"/>
    <Step Id="post_place_power_opt_design"/>
    <Step Id="phys_opt_design"/>
    <Step Id="route_design"/>
    <Step Id="post_route_phys_opt_design"/>
    <Step Id="write_bitstream"/>
  </Strategy>
</GenRun>
