<?xml version="1.0" encoding="UTF-8"?>
<GenRun Id="impl_1" LaunchPart="xc7a100tcsg324-1" LaunchTime="1686805088">
  <File Type="ROUTE-PWR" Name="S8_actividad3_power_routed.rpt"/>
  <File Type="PA-TCL" Name="S8_actividad3.tcl"/>
  <File Type="ROUTE-PWR-SUM" Name="S8_actividad3_power_summary_routed.pb"/>
  <File Type="REPORTS-TCL" Name="S8_actividad3_reports.tcl"/>
  <File Type="BITSTR-MSK" Name="S8_actividad3.msk"/>
  <File Type="ROUTE-CLK" Name="S8_actividad3_clock_utilization_routed.rpt"/>
  <File Type="RDI-RDI" Name="S8_actividad3.vdi"/>
  <File Type="BG-BIT" Name="S8_actividad3.bit"/>
  <File Type="BG-DRC" Name="S8_actividad3.drc"/>
  <File Type="BG-BGN" Name="S8_actividad3.bgn"/>
  <File Type="BG-BIN" Name="S8_actividad3.bin"/>
  <File Type="BITSTR-RBT" Name="S8_actividad3.rbt"/>
  <File Type="BITSTR-NKY" Name="S8_actividad3.nky"/>
  <File Type="BITSTR-BMM" Name="S8_actividad3_bd.bmm"/>
  <File Type="BITSTR-MMI" Name="S8_actividad3.mmi"/>
  <File Type="ROUTE-METHODOLOGY-DRC" Name="S8_actividad3_methodology_drc_routed.rpt"/>
  <File Type="BITSTR-SYSDEF" Name="S8_actividad3.sysdef"/>
  <File Type="ROUTE-METHODOLOGY-DRC-PB" Name="S8_actividad3_methodology_drc_routed.pb"/>
  <File Type="BITSTR-LTX" Name="debug_nets.ltx"/>
  <File Type="BITSTR-LTX" Name="S8_actividad3.ltx"/>
  <File Type="WBT-USG" Name="usage_statistics_webtalk.html"/>
  <File Type="OPT-DRC" Name="S8_actividad3_drc_opted.rpt"/>
  <File Type="OPT-HWDEF" Name="S8_actividad3.hwdef"/>
  <File Type="PLACE-IO" Name="S8_actividad3_io_placed.rpt"/>
  <File Type="PLACE-UTIL" Name="S8_actividad3_utilization_placed.rpt"/>
  <File Type="PLACE-UTIL-PB" Name="S8_actividad3_utilization_placed.pb"/>
  <File Type="ROUTE-RQS" Name="S8_actividad3_routed.rqs"/>
  <File Type="PLACE-CTRL" Name="S8_actividad3_control_sets_placed.rpt"/>
  <File Type="ROUTE-RQS-RPT" Name="route_report_qor_suggestions_0.rpt"/>
  <File Type="PLACE-PRE-SIMILARITY" Name="S8_actividad3_incremental_reuse_pre_placed.rpt"/>
  <File Type="POSTROUTE-PHYSOPT-RQS-RPT" Name="postroute_physopt_report_qor_suggestions_0.rpt"/>
  <File Type="ROUTE-DRC" Name="S8_actividad3_drc_routed.rpt"/>
  <File Type="ROUTE-DRC-PB" Name="S8_actividad3_drc_routed.pb"/>
  <File Type="ROUTE-PWR-RPX" Name="S8_actividad3_power_routed.rpx"/>
  <File Type="ROUTE-STATUS" Name="S8_actividad3_route_status.rpt"/>
  <File Type="ROUTE-STATUS-PB" Name="S8_actividad3_route_status.pb"/>
  <File Type="ROUTE-DCP" Name="S8_actividad3_routed.dcp"/>
  <File Type="ROUTE-ERROR-DCP" Name="S8_actividad3_routed_error.dcp"/>
  <File Type="ROUTE-BLACKBOX-DCP" Name="S8_actividad3_routed_bb.dcp"/>
  <File Type="ROUTE-TIMINGSUMMARY" Name="S8_actividad3_timing_summary_routed.rpt"/>
  <File Type="ROUTE-TIMING-PB" Name="S8_actividad3_timing_summary_routed.pb"/>
  <File Type="ROUTE-TIMING-RPX" Name="S8_actividad3_timing_summary_routed.rpx"/>
  <File Type="ROUTE-BUS-SKEW" Name="S8_actividad3_bus_skew_routed.rpt"/>
  <File Type="ROUTE-BUS-SKEW-PB" Name="S8_actividad3_bus_skew_routed.pb"/>
  <File Type="ROUTE-BUS-SKEW-RPX" Name="S8_actividad3_bus_skew_routed.rpx"/>
  <File Type="OPT-DCP" Name="S8_actividad3_opt.dcp"/>
  <File Type="PLACE-DCP" Name="S8_actividad3_placed.dcp"/>
  <File Type="PWROPT-DCP" Name="S8_actividad3_pwropt.dcp"/>
  <File Type="POSTPLACE-PWROPT-DCP" Name="S8_actividad3_postplace_pwropt.dcp"/>
  <File Type="PHYSOPT-DCP" Name="S8_actividad3_physopt.dcp"/>
  <File Type="POSTROUTE-PHYSOPT-DCP" Name="S8_actividad3_postroute_physopt.dcp"/>
  <File Type="POSTROUTE-PHYSOPT-BLACKBOX-DCP" Name="S8_actividad3_postroute_physopt_bb.dcp"/>
  <File Type="ROUTE-DRC-RPX" Name="S8_actividad3_drc_routed.rpx"/>
  <File Type="ROUTE-METHODOLOGY-DRC-RPX" Name="S8_actividad3_methodology_drc_routed.rpx"/>
  <File Type="PDI-FILE" Name="S8_actividad3.pdi"/>
  <File Type="RCFI_FILE" Name="S8_actividad3.rcfi"/>
  <File Type="CFI_FILE" Name="S8_actividad3.cfi"/>
  <File Type="RNPI_FILE" Name="S8_actividad3.rnpi"/>
  <File Type="NPI_FILE" Name="S8_actividad3.npi"/>
  <File Type="RBD_FILE" Name="S8_actividad3.rbd"/>
  <File Type="POSTROUTE-PHYSOPT-RQS" Name="S8_actividad3_postroute_physopted.rqs"/>
  <FileSet Name="sources" Type="DesignSrcs" RelSrcDir="$PSRCDIR/sources_1" RelGenDir="$PGENDIR/sources_1">
    <Filter Type="Srcs"/>
    <File Path="$PSRCDIR/sources_1/new/ALU.sv">
      <FileInfo>
        <Attr Name="ImportPath" Val="$PPRDIR/../lab_7/lab_7.srcs/sources_1/new/ALU.sv"/>
        <Attr Name="ImportTime" Val="1686181144"/>
        <Attr Name="UsedIn" Val="synthesis"/>
        <Attr Name="UsedIn" Val="implementation"/>
        <Attr Name="UsedIn" Val="simulation"/>
      </FileInfo>
    </File>
    <File Path="$PSRCDIR/sources_1/new/ALU_register.sv">
      <FileInfo>
        <Attr Name="ImportPath" Val="$PPRDIR/../lab_7/lab_7.srcs/sources_1/new/ALU_register.sv"/>
        <Attr Name="ImportTime" Val="1686183628"/>
        <Attr Name="UsedIn" Val="synthesis"/>
        <Attr Name="UsedIn" Val="implementation"/>
        <Attr Name="UsedIn" Val="simulation"/>
      </FileInfo>
    </File>
    <File Path="$PSRCDIR/sources_1/new/BCD_to_Seven_Seg.sv">
      <FileInfo>
        <Attr Name="ImportPath" Val="$PPRDIR/../lab_7/lab_7.srcs/sources_1/new/BCD_to_Seven_Seg.sv"/>
        <Attr Name="ImportTime" Val="1686181227"/>
        <Attr Name="UsedIn" Val="synthesis"/>
        <Attr Name="UsedIn" Val="implementation"/>
        <Attr Name="UsedIn" Val="simulation"/>
      </FileInfo>
    </File>
    <File Path="$PSRCDIR/sources_1/new/Display_Selector_32.sv">
      <FileInfo>
        <Attr Name="ImportPath" Val="$PPRDIR/../lab_7_visual/lab_7_visual.srcs/sources_1/new/Display_Selector_32.sv"/>
        <Attr Name="ImportTime" Val="1686285523"/>
        <Attr Name="UsedIn" Val="synthesis"/>
        <Attr Name="UsedIn" Val="implementation"/>
        <Attr Name="UsedIn" Val="simulation"/>
      </FileInfo>
    </File>
    <File Path="$PSRCDIR/sources_1/new/NumTo7seg.sv">
      <FileInfo>
        <Attr Name="ImportPath" Val="$PPRDIR/../lab_7_visual/lab_7_visual.srcs/sources_1/new/NumTo7seg.sv"/>
        <Attr Name="ImportTime" Val="1686286644"/>
        <Attr Name="UsedIn" Val="synthesis"/>
        <Attr Name="UsedIn" Val="implementation"/>
        <Attr Name="UsedIn" Val="simulation"/>
      </FileInfo>
    </File>
    <File Path="$PSRCDIR/sources_1/new/PB_Debouncer_FSM.sv">
      <FileInfo>
        <Attr Name="ImportPath" Val="$PPRDIR/../lab_8_actividad1/lab_8_actividad1.srcs/sources_1/new/PB_Debouncer_FSM.sv"/>
        <Attr Name="ImportTime" Val="1686780294"/>
        <Attr Name="UsedIn" Val="synthesis"/>
        <Attr Name="UsedIn" Val="implementation"/>
        <Attr Name="UsedIn" Val="simulation"/>
      </FileInfo>
    </File>
    <File Path="$PSRCDIR/sources_1/new/ReversePolishFSM_UNDO.sv">
      <FileInfo>
        <Attr Name="ImportPath" Val="$PPRDIR/../lab_7_undo/lab_7_undo.srcs/sources_1/new/ReversePolishFSM_UNDO.sv"/>
        <Attr Name="ImportTime" Val="1686283927"/>
        <Attr Name="UsedIn" Val="synthesis"/>
        <Attr Name="UsedIn" Val="implementation"/>
        <Attr Name="UsedIn" Val="simulation"/>
      </FileInfo>
    </File>
    <File Path="$PSRCDIR/sources_1/new/ToDisplayMux.sv">
      <FileInfo>
        <Attr Name="ImportPath" Val="$PPRDIR/../lab_8_actividad2/lab_8_actividad2.srcs/sources_1/new/ToDisplayMux.sv"/>
        <Attr Name="ImportTime" Val="1686790506"/>
        <Attr Name="UsedIn" Val="synthesis"/>
        <Attr Name="UsedIn" Val="implementation"/>
        <Attr Name="UsedIn" Val="simulation"/>
      </FileInfo>
    </File>
    <File Path="$PSRCDIR/sources_1/new/binary_decoder.sv">
      <FileInfo>
        <Attr Name="ImportPath" Val="$PPRDIR/../lab_7/lab_7.srcs/sources_1/new/binary_decoder.sv"/>
        <Attr Name="ImportTime" Val="1686181268"/>
        <Attr Name="UsedIn" Val="synthesis"/>
        <Attr Name="UsedIn" Val="implementation"/>
        <Attr Name="UsedIn" Val="simulation"/>
      </FileInfo>
    </File>
    <File Path="$PSRCDIR/sources_1/new/clock_divider.sv">
      <FileInfo>
        <Attr Name="ImportPath" Val="$PPRDIR/../lab_7_visual/lab_7_visual.srcs/sources_1/new/clock_divider.sv"/>
        <Attr Name="ImportTime" Val="1686287509"/>
        <Attr Name="UsedIn" Val="synthesis"/>
        <Attr Name="UsedIn" Val="implementation"/>
        <Attr Name="UsedIn" Val="simulation"/>
      </FileInfo>
    </File>
    <File Path="$PSRCDIR/sources_1/new/counter_Nbit.sv">
      <FileInfo>
        <Attr Name="ImportPath" Val="$PPRDIR/../lab_7/lab_7.srcs/sources_1/new/counter_Nbit.sv"/>
        <Attr Name="ImportTime" Val="1686181308"/>
        <Attr Name="UsedIn" Val="synthesis"/>
        <Attr Name="UsedIn" Val="implementation"/>
        <Attr Name="UsedIn" Val="simulation"/>
      </FileInfo>
    </File>
    <File Path="$PSRCDIR/sources_1/new/register_N.sv">
      <FileInfo>
        <Attr Name="ImportPath" Val="$PPRDIR/../lab_7/lab_7.srcs/sources_1/new/register_N.sv"/>
        <Attr Name="ImportTime" Val="1686181470"/>
        <Attr Name="UsedIn" Val="synthesis"/>
        <Attr Name="UsedIn" Val="implementation"/>
        <Attr Name="UsedIn" Val="simulation"/>
      </FileInfo>
    </File>
    <File Path="$PSRCDIR/sources_1/new/temporal_multiplexing.sv">
      <FileInfo>
        <Attr Name="ImportPath" Val="$PPRDIR/../lab_7/lab_7.srcs/sources_1/new/temporal_multiplexing.sv"/>
        <Attr Name="ImportTime" Val="1686181545"/>
        <Attr Name="UsedIn" Val="synthesis"/>
        <Attr Name="UsedIn" Val="implementation"/>
        <Attr Name="UsedIn" Val="simulation"/>
      </FileInfo>
    </File>
    <File Path="$PSRCDIR/sources_1/new/unsigned_to_bcd.sv">
      <FileInfo>
        <Attr Name="ImportPath" Val="$PPRDIR/../lab_8_actividad2/lab_8_actividad2.srcs/sources_1/new/unsigned_to_bcd.sv"/>
        <Attr Name="ImportTime" Val="1686791105"/>
        <Attr Name="UsedIn" Val="synthesis"/>
        <Attr Name="UsedIn" Val="implementation"/>
        <Attr Name="UsedIn" Val="simulation"/>
      </FileInfo>
    </File>
    <File Path="$PSRCDIR/sources_1/new/S7_actividad1.sv">
      <FileInfo>
        <Attr Name="ImportPath" Val="$PPRDIR/../lab_7/lab_7.srcs/sources_1/new/S7_actividad1.sv"/>
        <Attr Name="ImportTime" Val="1686185903"/>
        <Attr Name="UsedIn" Val="synthesis"/>
        <Attr Name="UsedIn" Val="implementation"/>
        <Attr Name="UsedIn" Val="simulation"/>
      </FileInfo>
    </File>
    <File Path="$PSRCDIR/sources_1/new/Display_Selector.sv">
      <FileInfo>
        <Attr Name="AutoDisabled" Val="1"/>
        <Attr Name="ImportPath" Val="$PPRDIR/../lab_7/lab_7.srcs/sources_1/new/Display_Selector.sv"/>
        <Attr Name="ImportTime" Val="1686186672"/>
        <Attr Name="UsedIn" Val="synthesis"/>
        <Attr Name="UsedIn" Val="implementation"/>
        <Attr Name="UsedIn" Val="simulation"/>
      </FileInfo>
    </File>
    <File Path="$PSRCDIR/sources_1/new/Level-to-Pulse.sv">
      <FileInfo>
        <Attr Name="AutoDisabled" Val="1"/>
        <Attr Name="ImportPath" Val="$PPRDIR/../lab_7/lab_7.srcs/sources_1/new/Level-to-Pulse.sv"/>
        <Attr Name="ImportTime" Val="1686171335"/>
        <Attr Name="UsedIn" Val="synthesis"/>
        <Attr Name="UsedIn" Val="implementation"/>
        <Attr Name="UsedIn" Val="simulation"/>
      </FileInfo>
    </File>
    <File Path="$PSRCDIR/sources_1/new/Mux_4in.sv">
      <FileInfo>
        <Attr Name="AutoDisabled" Val="1"/>
        <Attr Name="ImportPath" Val="$PPRDIR/../lab_7/lab_7.srcs/sources_1/new/Mux_4in.sv"/>
        <Attr Name="ImportTime" Val="1686181362"/>
        <Attr Name="UsedIn" Val="synthesis"/>
        <Attr Name="UsedIn" Val="implementation"/>
        <Attr Name="UsedIn" Val="simulation"/>
      </FileInfo>
    </File>
    <File Path="$PSRCDIR/sources_1/new/ReversePolishFSM.sv">
      <FileInfo>
        <Attr Name="AutoDisabled" Val="1"/>
        <Attr Name="ImportPath" Val="$PPRDIR/../lab_7/lab_7.srcs/sources_1/new/ReversePolishFSM.sv"/>
        <Attr Name="ImportTime" Val="1686188181"/>
        <Attr Name="UsedIn" Val="synthesis"/>
        <Attr Name="UsedIn" Val="implementation"/>
        <Attr Name="UsedIn" Val="simulation"/>
      </FileInfo>
    </File>
    <Config>
      <Option Name="DesignMode" Val="RTL"/>
      <Option Name="TopModule" Val="S8_actividad3"/>
      <Option Name="TopAutoSet" Val="TRUE"/>
    </Config>
  </FileSet>
  <FileSet Name="constrs_in" Type="Constrs" RelSrcDir="$PSRCDIR/constrs_1">
    <Filter Type="Constrs"/>
    <File Path="$PSRCDIR/constrs_1/new/constraints.xdc">
      <FileInfo>
        <Attr Name="ImportPath" Val="$PPRDIR/../lab_7_visual/lab_7_visual.srcs/constrs_1/new/constraints.xdc"/>
        <Attr Name="ImportTime" Val="1686292594"/>
        <Attr Name="UsedIn" Val="synthesis"/>
        <Attr Name="UsedIn" Val="implementation"/>
      </FileInfo>
    </File>
    <Config>
      <Option Name="ConstrsType" Val="XDC"/>
    </Config>
  </FileSet>
  <FileSet Name="utils" Type="Utils" RelSrcDir="$PSRCDIR/utils_1">
    <Filter Type="Utils"/>
    <File Path="$PPRDIR/../lab_7/lab_7.srcs/utils_1/imports/synth_1/S7_actividad3.dcp">
      <FileInfo>
        <Attr Name="UsedIn" Val="synthesis"/>
        <Attr Name="UsedIn" Val="implementation"/>
        <Attr Name="UsedInSteps" Val="synth_1"/>
        <Attr Name="AutoDcp" Val="1"/>
      </FileInfo>
    </File>
    <Config>
      <Option Name="TopAutoSet" Val="TRUE"/>
    </Config>
  </FileSet>
  <Strategy Version="1" Minor="2">
    <StratHandle Name="Vivado Implementation Defaults" Flow="Vivado Implementation 2022"/>
    <Step Id="init_design"/>
    <Step Id="opt_design"/>
    <Step Id="power_opt_design"/>
    <Step Id="place_design"/>
    <Step Id="post_place_power_opt_design"/>
    <Step Id="phys_opt_design"/>
    <Step Id="route_design"/>
    <Step Id="post_route_phys_opt_design"/>
    <Step Id="write_bitstream"/>
    <Step Id="write_device_image"/>
  </Strategy>
</GenRun>
