<?xml version="1.0" encoding="UTF-8"?>
<GenRun Id="impl_1" LaunchPart="xc7a100tcsg324-1" LaunchTime="1683259588">
  <File Type="ROUTE-PWR" Name="S4_actividad2_power_routed.rpt"/>
  <File Type="PA-TCL" Name="S4_actividad2.tcl"/>
  <File Type="ROUTE-PWR-SUM" Name="S4_actividad2_power_summary_routed.pb"/>
  <File Type="REPORTS-TCL" Name="S4_actividad2_reports.tcl"/>
  <File Type="BITSTR-MSK" Name="S4_actividad2.msk"/>
  <File Type="ROUTE-CLK" Name="S4_actividad2_clock_utilization_routed.rpt"/>
  <File Type="RDI-RDI" Name="S4_actividad2.vdi"/>
  <File Type="ROUTE-BUS-SKEW" Name="S4_actividad2_bus_skew_routed.rpt"/>
  <File Type="PA-DCP" Name="S4_actividad2.dcp"/>
  <File Type="BG-BIT" Name="S4_actividad2.bit"/>
  <File Type="BG-DRC" Name="S4_actividad2.drc"/>
  <File Type="BG-BGN" Name="S4_actividad2.bgn"/>
  <File Type="BG-BIN" Name="S4_actividad2.bin"/>
  <File Type="BITSTR-RBT" Name="S4_actividad2.rbt"/>
  <File Type="BITSTR-NKY" Name="S4_actividad2.nky"/>
  <File Type="BITSTR-BMM" Name="S4_actividad2_bd.bmm"/>
  <File Type="BITSTR-MMI" Name="S4_actividad2.mmi"/>
  <File Type="ROUTE-METHODOLOGY-DRC" Name="S4_actividad2_methodology_drc_routed.rpt"/>
  <File Type="BITSTR-SYSDEF" Name="S4_actividad2.sysdef"/>
  <File Type="ROUTE-METHODOLOGY-DRC-PB" Name="S4_actividad2_methodology_drc_routed.pb"/>
  <File Type="BITSTR-LTX" Name="debug_nets.ltx"/>
  <File Type="BITSTR-LTX" Name="S4_actividad2.ltx"/>
  <File Type="WBT-USG" Name="usage_statistics_webtalk.html"/>
  <File Type="OPT-DRC" Name="S4_actividad2_drc_opted.rpt"/>
  <File Type="OPT-HWDEF" Name="S4_actividad2.hwdef"/>
  <File Type="PLACE-IO" Name="S4_actividad2_io_placed.rpt"/>
  <File Type="PLACE-UTIL" Name="S4_actividad2_utilization_placed.rpt"/>
  <File Type="PLACE-UTIL-PB" Name="S4_actividad2_utilization_placed.pb"/>
  <File Type="ROUTE-RQS" Name="S4_actividad2_routed.rqs"/>
  <File Type="PLACE-CTRL" Name="S4_actividad2_control_sets_placed.rpt"/>
  <File Type="ROUTE-RQS-RPT" Name="route_report_qor_suggestions_0.rpt"/>
  <File Type="PLACE-PRE-SIMILARITY" Name="S4_actividad2_incremental_reuse_pre_placed.rpt"/>
  <File Type="POSTROUTE-PHYSOPT-RQS-RPT" Name="postroute_physopt_report_qor_suggestions_0.rpt"/>
  <File Type="ROUTE-DRC" Name="S4_actividad2_drc_routed.rpt"/>
  <File Type="ROUTE-DRC-PB" Name="S4_actividad2_drc_routed.pb"/>
  <File Type="ROUTE-PWR-RPX" Name="S4_actividad2_power_routed.rpx"/>
  <File Type="ROUTE-STATUS" Name="S4_actividad2_route_status.rpt"/>
  <File Type="ROUTE-STATUS-PB" Name="S4_actividad2_route_status.pb"/>
  <File Type="ROUTE-DCP" Name="S4_actividad2_routed.dcp"/>
  <File Type="ROUTE-ERROR-DCP" Name="S4_actividad2_routed_error.dcp"/>
  <File Type="ROUTE-BLACKBOX-DCP" Name="S4_actividad2_routed_bb.dcp"/>
  <File Type="ROUTE-TIMINGSUMMARY" Name="S4_actividad2_timing_summary_routed.rpt"/>
  <File Type="ROUTE-TIMING-PB" Name="S4_actividad2_timing_summary_routed.pb"/>
  <File Type="ROUTE-TIMING-RPX" Name="S4_actividad2_timing_summary_routed.rpx"/>
  <File Type="ROUTE-BUS-SKEW-PB" Name="S4_actividad2_bus_skew_routed.pb"/>
  <File Type="ROUTE-BUS-SKEW-RPX" Name="S4_actividad2_bus_skew_routed.rpx"/>
  <File Type="OPT-DCP" Name="S4_actividad2_opt.dcp"/>
  <File Type="PLACE-DCP" Name="S4_actividad2_placed.dcp"/>
  <File Type="PWROPT-DCP" Name="S4_actividad2_pwropt.dcp"/>
  <File Type="POSTPLACE-PWROPT-DCP" Name="S4_actividad2_postplace_pwropt.dcp"/>
  <File Type="PHYSOPT-DCP" Name="S4_actividad2_physopt.dcp"/>
  <File Type="POSTROUTE-PHYSOPT-DCP" Name="S4_actividad2_postroute_physopt.dcp"/>
  <File Type="POSTROUTE-PHYSOPT-BLACKBOX-DCP" Name="S4_actividad2_postroute_physopt_bb.dcp"/>
  <File Type="ROUTE-DRC-RPX" Name="S4_actividad2_drc_routed.rpx"/>
  <File Type="ROUTE-METHODOLOGY-DRC-RPX" Name="S4_actividad2_methodology_drc_routed.rpx"/>
  <File Type="PDI-FILE" Name="S4_actividad2.pdi"/>
  <File Type="RCFI_FILE" Name="S4_actividad2.rcfi"/>
  <File Type="CFI_FILE" Name="S4_actividad2.cfi"/>
  <File Type="RNPI_FILE" Name="S4_actividad2.rnpi"/>
  <File Type="NPI_FILE" Name="S4_actividad2.npi"/>
  <File Type="RBD_FILE" Name="S4_actividad2.rbd"/>
  <File Type="POSTROUTE-PHYSOPT-RQS" Name="S4_actividad2_postroute_physopted.rqs"/>
  <FileSet Name="sources" Type="DesignSrcs" RelSrcDir="$PSRCDIR/sources_1" RelGenDir="$PGENDIR/sources_1">
    <Filter Type="Srcs"/>
    <File Path="$PSRCDIR/sources_1/new/S4_actividad2.sv">
      <FileInfo>
        <Attr Name="UsedIn" Val="synthesis"/>
        <Attr Name="UsedIn" Val="implementation"/>
        <Attr Name="UsedIn" Val="simulation"/>
      </FileInfo>
    </File>
    <Config>
      <Option Name="DesignMode" Val="RTL"/>
      <Option Name="TopModule" Val="S4_actividad2"/>
      <Option Name="TopAutoSet" Val="TRUE"/>
    </Config>
  </FileSet>
  <FileSet Name="constrs_in" Type="Constrs" RelSrcDir="$PSRCDIR/constrs_1">
    <Filter Type="Constrs"/>
    <Config>
      <Option Name="ConstrsType" Val="XDC"/>
    </Config>
  </FileSet>
  <FileSet Name="utils" Type="Utils" RelSrcDir="$PSRCDIR/utils_1">
    <Filter Type="Utils"/>
    <Config>
      <Option Name="TopAutoSet" Val="TRUE"/>
    </Config>
  </FileSet>
  <Strategy Version="1" Minor="2">
    <StratHandle Name="Vivado Implementation Defaults" Flow="Vivado Implementation 2022"/>
    <Step Id="init_design"/>
    <Step Id="opt_design"/>
    <Step Id="power_opt_design"/>
    <Step Id="place_design"/>
    <Step Id="post_place_power_opt_design"/>
    <Step Id="phys_opt_design"/>
    <Step Id="route_design"/>
    <Step Id="post_route_phys_opt_design"/>
    <Step Id="write_bitstream"/>
    <Step Id="write_device_image"/>
  </Strategy>
</GenRun>
