<?xml version="1.0" encoding="UTF-8"?>
<GenRun Id="impl_1" LaunchPart="xc7a100tcsg324-1" LaunchTime="1688156469">
  <File Type="ROUTE-PWR" Name="ME_top_power_routed.rpt"/>
  <File Type="PA-TCL" Name="ME_top.tcl"/>
  <File Type="BITSTR-MMI" Name="ME_top.mmi"/>
  <File Type="OPT-METHODOLOGY-DRC" Name="ME_top_methodology_drc_opted.rpt"/>
  <File Type="INIT-TIMING" Name="ME_top_timing_summary_init.rpt"/>
  <File Type="ROUTE-PWR-SUM" Name="ME_top_power_summary_routed.pb"/>
  <File Type="REPORTS-TCL" Name="ME_top_reports.tcl"/>
  <File Type="OPT-TIMING" Name="ME_top_timing_summary_opted.rpt"/>
  <File Type="OPT-DCP" Name="ME_top_opt.dcp"/>
  <File Type="OPT-DRC" Name="ME_top_drc_opted.rpt"/>
  <File Type="OPT-HWDEF" Name="ME_top.hwdef"/>
  <File Type="PWROPT-DCP" Name="ME_top_pwropt.dcp"/>
  <File Type="PWROPT-DRC" Name="ME_top_drc_pwropted.rpt"/>
  <File Type="PWROPT-TIMING" Name="ME_top_timing_summary_pwropted.rpt"/>
  <File Type="PLACE-DCP" Name="ME_top_placed.dcp"/>
  <File Type="PLACE-IO" Name="ME_top_io_placed.rpt"/>
  <File Type="PLACE-CLK" Name="ME_top_clock_utilization_placed.rpt"/>
  <File Type="PLACE-UTIL" Name="ME_top_utilization_placed.rpt"/>
  <File Type="PLACE-UTIL-PB" Name="ME_top_utilization_placed.pb"/>
  <File Type="PLACE-CTRL" Name="ME_top_control_sets_placed.rpt"/>
  <File Type="PLACE-SIMILARITY" Name="ME_top_incremental_reuse_placed.rpt"/>
  <File Type="PLACE-PRE-SIMILARITY" Name="ME_top_incremental_reuse_pre_placed.rpt"/>
  <File Type="BG-BIN" Name="ME_top.bin"/>
  <File Type="PLACE-TIMING" Name="ME_top_timing_summary_placed.rpt"/>
  <File Type="POSTPLACE-PWROPT-DCP" Name="ME_top_postplace_pwropt.dcp"/>
  <File Type="BITSTR-MSK" Name="ME_top.msk"/>
  <File Type="POSTPLACE-PWROPT-TIMING" Name="ME_top_timing_summary_postplace_pwropted.rpt"/>
  <File Type="PHYSOPT-DCP" Name="ME_top_physopt.dcp"/>
  <File Type="PHYSOPT-DRC" Name="ME_top_drc_physopted.rpt"/>
  <File Type="BITSTR-RBT" Name="ME_top.rbt"/>
  <File Type="PHYSOPT-TIMING" Name="ME_top_timing_summary_physopted.rpt"/>
  <File Type="ROUTE-ERROR-DCP" Name="ME_top_routed_error.dcp"/>
  <File Type="ROUTE-DCP" Name="ME_top_routed.dcp"/>
  <File Type="ROUTE-BLACKBOX-DCP" Name="ME_top_routed_bb.dcp"/>
  <File Type="ROUTE-DRC" Name="ME_top_drc_routed.rpt"/>
  <File Type="ROUTE-DRC-PB" Name="ME_top_drc_routed.pb"/>
  <File Type="ROUTE-DRC-RPX" Name="ME_top_drc_routed.rpx"/>
  <File Type="ROUTE-METHODOLOGY-DRC" Name="ME_top_methodology_drc_routed.rpt"/>
  <File Type="ROUTE-METHODOLOGY-DRC-RPX" Name="ME_top_methodology_drc_routed.rpx"/>
  <File Type="ROUTE-METHODOLOGY-DRC-PB" Name="ME_top_methodology_drc_routed.pb"/>
  <File Type="ROUTE-PWR-RPX" Name="ME_top_power_routed.rpx"/>
  <File Type="ROUTE-STATUS" Name="ME_top_route_status.rpt"/>
  <File Type="ROUTE-STATUS-PB" Name="ME_top_route_status.pb"/>
  <File Type="ROUTE-TIMINGSUMMARY" Name="ME_top_timing_summary_routed.rpt"/>
  <File Type="ROUTE-TIMING-PB" Name="ME_top_timing_summary_routed.pb"/>
  <File Type="ROUTE-TIMING-RPX" Name="ME_top_timing_summary_routed.rpx"/>
  <File Type="ROUTE-SIMILARITY" Name="ME_top_incremental_reuse_routed.rpt"/>
  <File Type="ROUTE-CLK" Name="ME_top_clock_utilization_routed.rpt"/>
  <File Type="ROUTE-BUS-SKEW" Name="ME_top_bus_skew_routed.rpt"/>
  <File Type="ROUTE-BUS-SKEW-PB" Name="ME_top_bus_skew_routed.pb"/>
  <File Type="ROUTE-BUS-SKEW-RPX" Name="ME_top_bus_skew_routed.rpx"/>
  <File Type="POSTROUTE-PHYSOPT-DCP" Name="ME_top_postroute_physopt.dcp"/>
  <File Type="POSTROUTE-PHYSOPT-BLACKBOX-DCP" Name="ME_top_postroute_physopt_bb.dcp"/>
  <File Type="POSTROUTE-PHYSOPT-TIMING" Name="ME_top_timing_summary_postroute_physopted.rpt"/>
  <File Type="POSTROUTE-PHYSOPT-TIMING-PB" Name="ME_top_timing_summary_postroute_physopted.pb"/>
  <File Type="POSTROUTE-PHYSOPT-TIMING-RPX" Name="ME_top_timing_summary_postroute_physopted.rpx"/>
  <File Type="POSTROUTE-PHYSOPT-BUS-SKEW" Name="ME_top_bus_skew_postroute_physopted.rpt"/>
  <File Type="BG-BIT" Name="ME_top.bit"/>
  <File Type="POSTROUTE-PHYSOPT-BUS-SKEW-PB" Name="ME_top_bus_skew_postroute_physopted.pb"/>
  <File Type="POSTROUTE-PHYSOPT-BUS-SKEW-RPX" Name="ME_top_bus_skew_postroute_physopted.rpx"/>
  <File Type="BITSTR-NKY" Name="ME_top.nky"/>
  <File Type="BITSTR-BMM" Name="ME_top_bd.bmm"/>
  <File Type="PDI-FILE" Name="ME_top.pdi"/>
  <File Type="RCFI_FILE" Name="ME_top.rcfi"/>
  <File Type="CFI_FILE" Name="ME_top.cfi"/>
  <File Type="RNPI_FILE" Name="ME_top.rnpi"/>
  <File Type="NPI_FILE" Name="ME_top.npi"/>
  <File Type="RBD_FILE" Name="ME_top.rbd"/>
  <File Type="BITSTR-LTX" Name="debug_nets.ltx"/>
  <File Type="BITSTR-LTX" Name="ME_top.ltx"/>
  <File Type="BITSTR-SYSDEF" Name="ME_top.sysdef"/>
  <File Type="BG-BGN" Name="ME_top.bgn"/>
  <File Type="BG-DRC" Name="ME_top.drc"/>
  <File Type="RDI-RDI" Name="ME_top.vdi"/>
  <File Type="WBT-USG" Name="usage_statistics_webtalk.html"/>
  <File Type="ROUTE-RQS" Name="ME_top_routed.rqs"/>
  <File Type="POSTROUTE-PHYSOPT-RQS" Name="ME_top_postroute_physopted.rqs"/>
  <File Type="ROUTE-RQS-RPT" Name="route_report_qor_suggestions_0.rpt"/>
  <File Type="POSTROUTE-PHYSOPT-RQS-RPT" Name="postroute_physopt_report_qor_suggestions_0.rpt"/>
  <FileSet Name="sources" Type="DesignSrcs" RelSrcDir="$PSRCDIR/sources_1" RelGenDir="$PGENDIR/sources_1">
    <Filter Type="Srcs"/>
    <File Path="$PPRDIR/../../../../Downloads/ELO212-reference-modules-master_CARVAJAL/ELO212-reference-modules-master/UART_reference_files/UART_ME_reference/UART_master.srcs/sources/bcd_to_ss.v">
      <FileInfo>
        <Attr Name="UsedIn" Val="synthesis"/>
        <Attr Name="UsedIn" Val="implementation"/>
        <Attr Name="UsedIn" Val="simulation"/>
      </FileInfo>
    </File>
    <File Path="$PPRDIR/../../../../Downloads/ELO212-reference-modules-master_CARVAJAL/ELO212-reference-modules-master/UART_reference_files/UART_ME_reference/UART_master.srcs/sources/clk_divider.v">
      <FileInfo>
        <Attr Name="UsedIn" Val="synthesis"/>
        <Attr Name="UsedIn" Val="implementation"/>
        <Attr Name="UsedIn" Val="simulation"/>
      </FileInfo>
    </File>
    <File Path="$PPRDIR/../../../../Downloads/ELO212-reference-modules-master_CARVAJAL/ELO212-reference-modules-master/UART_reference_files/UART_ME_reference/UART_master.srcs/sources/uart/data_sync.v">
      <FileInfo>
        <Attr Name="UsedIn" Val="synthesis"/>
        <Attr Name="UsedIn" Val="implementation"/>
        <Attr Name="UsedIn" Val="simulation"/>
      </FileInfo>
    </File>
    <File Path="$PPRDIR/../../../../Downloads/ELO212-reference-modules-master_CARVAJAL/ELO212-reference-modules-master/UART_reference_files/UART_ME_reference/UART_master.srcs/sources/display_mux.v">
      <FileInfo>
        <Attr Name="UsedIn" Val="synthesis"/>
        <Attr Name="UsedIn" Val="implementation"/>
        <Attr Name="UsedIn" Val="simulation"/>
      </FileInfo>
    </File>
    <File Path="$PPRDIR/../../../../Downloads/ELO212-reference-modules-master_CARVAJAL/ELO212-reference-modules-master/UART_reference_files/UART_ME_reference/UART_master.srcs/sources/uart/uart_basic.v">
      <FileInfo>
        <Attr Name="UsedIn" Val="synthesis"/>
        <Attr Name="UsedIn" Val="implementation"/>
        <Attr Name="UsedIn" Val="simulation"/>
      </FileInfo>
    </File>
    <File Path="$PPRDIR/../../../../Downloads/ELO212-reference-modules-master_CARVAJAL/ELO212-reference-modules-master/UART_reference_files/UART_ME_reference/UART_master.srcs/sources/uart/uart_baud_tick_gen.v">
      <FileInfo>
        <Attr Name="UsedIn" Val="synthesis"/>
        <Attr Name="UsedIn" Val="implementation"/>
        <Attr Name="UsedIn" Val="simulation"/>
      </FileInfo>
    </File>
    <File Path="$PPRDIR/../../../../Downloads/ELO212-reference-modules-master_CARVAJAL/ELO212-reference-modules-master/UART_reference_files/UART_ME_reference/UART_master.srcs/sources/uart/uart_rx.v">
      <FileInfo>
        <Attr Name="UsedIn" Val="synthesis"/>
        <Attr Name="UsedIn" Val="implementation"/>
        <Attr Name="UsedIn" Val="simulation"/>
      </FileInfo>
    </File>
    <File Path="$PPRDIR/../../../../Downloads/ELO212-reference-modules-master_CARVAJAL/ELO212-reference-modules-master/UART_reference_files/UART_ME_reference/UART_master.srcs/sources/unsigned_to_bcd.v">
      <FileInfo>
        <Attr Name="UsedIn" Val="synthesis"/>
        <Attr Name="UsedIn" Val="implementation"/>
        <Attr Name="UsedIn" Val="simulation"/>
      </FileInfo>
    </File>
    <File Path="$PPRDIR/../../../../Downloads/ELO212-reference-modules-master_CARVAJAL/ELO212-reference-modules-master/UART_reference_files/UART_ME_reference/UART_master.srcs/sources/FSM_debouncer.sv">
      <FileInfo>
        <Attr Name="UsedIn" Val="synthesis"/>
        <Attr Name="UsedIn" Val="implementation"/>
        <Attr Name="UsedIn" Val="simulation"/>
      </FileInfo>
    </File>
    <File Path="$PPRDIR/../../../../Downloads/ELO212-reference-modules-master_CARVAJAL/ELO212-reference-modules-master/UART_reference_files/UART_ME_reference/UART_master.srcs/sources/TX_control.sv">
      <FileInfo>
        <Attr Name="UsedIn" Val="synthesis"/>
        <Attr Name="UsedIn" Val="implementation"/>
        <Attr Name="UsedIn" Val="simulation"/>
      </FileInfo>
    </File>
    <File Path="$PPRDIR/../../../../Downloads/ELO212-reference-modules-master_CARVAJAL/ELO212-reference-modules-master/UART_reference_files/UART_ME_reference/UART_master.srcs/sources/TX_sequence.sv">
      <FileInfo>
        <Attr Name="UsedIn" Val="synthesis"/>
        <Attr Name="UsedIn" Val="implementation"/>
        <Attr Name="UsedIn" Val="simulation"/>
      </FileInfo>
    </File>
    <File Path="$PPRDIR/../../../../Downloads/ELO212-reference-modules-master_CARVAJAL/ELO212-reference-modules-master/UART_reference_files/UART_ME_reference/UART_master.srcs/sources/UART_tx_control_wrapper.sv">
      <FileInfo>
        <Attr Name="UsedIn" Val="synthesis"/>
        <Attr Name="UsedIn" Val="implementation"/>
        <Attr Name="UsedIn" Val="simulation"/>
      </FileInfo>
    </File>
    <File Path="$PPRDIR/../../../../Downloads/ELO212-reference-modules-master_CARVAJAL/ELO212-reference-modules-master/UART_reference_files/UART_ME_reference/UART_master.srcs/sources/ME_top.sv">
      <FileInfo>
        <Attr Name="UsedIn" Val="synthesis"/>
        <Attr Name="UsedIn" Val="implementation"/>
        <Attr Name="UsedIn" Val="simulation"/>
      </FileInfo>
    </File>
    <File Path="$PPRDIR/../../../../Downloads/ELO212-reference-modules-master_CARVAJAL/ELO212-reference-modules-master/UART_reference_files/UART_ME_reference/UART_master.srcs/sources/uart/uart_tx.v">
      <FileInfo>
        <Attr Name="AutoDisabled" Val="1"/>
        <Attr Name="UsedIn" Val="synthesis"/>
        <Attr Name="UsedIn" Val="implementation"/>
        <Attr Name="UsedIn" Val="simulation"/>
      </FileInfo>
    </File>
    <Config>
      <Option Name="DesignMode" Val="RTL"/>
      <Option Name="TopModule" Val="ME_top"/>
      <Option Name="TopAutoSet" Val="TRUE"/>
    </Config>
  </FileSet>
  <FileSet Name="constrs_in" Type="Constrs" RelSrcDir="$PSRCDIR/constrs_1">
    <Filter Type="Constrs"/>
    <File Path="$PPRDIR/../../../../Downloads/ELO212-reference-modules-master_CARVAJAL/ELO212-reference-modules-master/UART_reference_files/UART_ME_reference/UART_master.srcs/constrs/UART_master_const.xdc">
      <FileInfo>
        <Attr Name="UsedIn" Val="synthesis"/>
        <Attr Name="UsedIn" Val="implementation"/>
      </FileInfo>
    </File>
    <Config>
      <Option Name="ConstrsType" Val="XDC"/>
    </Config>
  </FileSet>
  <FileSet Name="utils" Type="Utils" RelSrcDir="$PSRCDIR/utils_1">
    <Filter Type="Utils"/>
    <File Path="$PSRCDIR/utils_1/imports/synth_1/ME_top.dcp">
      <FileInfo>
        <Attr Name="UsedIn" Val="synthesis"/>
        <Attr Name="UsedIn" Val="implementation"/>
        <Attr Name="UsedInSteps" Val="synth_1"/>
        <Attr Name="AutoDcp" Val="1"/>
      </FileInfo>
    </File>
    <Config>
      <Option Name="TopAutoSet" Val="TRUE"/>
    </Config>
  </FileSet>
  <Strategy Version="1" Minor="2">
    <StratHandle Name="Vivado Implementation Defaults" Flow="Vivado Implementation 2022"/>
    <Step Id="init_design"/>
    <Step Id="opt_design"/>
    <Step Id="power_opt_design"/>
    <Step Id="place_design"/>
    <Step Id="post_place_power_opt_design"/>
    <Step Id="phys_opt_design"/>
    <Step Id="route_design"/>
    <Step Id="post_route_phys_opt_design"/>
    <Step Id="write_bitstream"/>
  </Strategy>
</GenRun>
