<?xml version="1.0" encoding="UTF-8"?>
<GenRun Id="synth_1" LaunchPart="xc7a100tcsg324-1" LaunchTime="1686292436" LaunchIncrCheckpoint="$PPRDIR/../lab_7/lab_7.srcs/utils_1/imports/synth_1/S7_actividad3.dcp">
  <File Type="PA-TCL" Name="S7_actividad3.tcl"/>
  <File Type="REPORTS-TCL" Name="S7_actividad3_reports.tcl"/>
  <File Type="RDS-RDS" Name="S7_actividad3.vds"/>
  <File Type="RDS-UTIL" Name="S7_actividad3_utilization_synth.rpt"/>
  <File Type="RDS-UTIL-PB" Name="S7_actividad3_utilization_synth.pb"/>
  <File Type="RDS-DCP" Name="S7_actividad3.dcp"/>
  <FileSet Name="sources" Type="DesignSrcs" RelSrcDir="$PSRCDIR/sources_1" RelGenDir="$PGENDIR/sources_1">
    <Filter Type="Srcs"/>
    <File Path="$PSRCDIR/sources_1/new/ALU.sv">
      <FileInfo>
        <Attr Name="ImportPath" Val="$PPRDIR/../lab_7/lab_7.srcs/sources_1/new/ALU.sv"/>
        <Attr Name="ImportTime" Val="1686181144"/>
        <Attr Name="UsedIn" Val="synthesis"/>
        <Attr Name="UsedIn" Val="implementation"/>
        <Attr Name="UsedIn" Val="simulation"/>
      </FileInfo>
    </File>
    <File Path="$PSRCDIR/sources_1/new/ALU_register.sv">
      <FileInfo>
        <Attr Name="ImportPath" Val="$PPRDIR/../lab_7/lab_7.srcs/sources_1/new/ALU_register.sv"/>
        <Attr Name="ImportTime" Val="1686183628"/>
        <Attr Name="UsedIn" Val="synthesis"/>
        <Attr Name="UsedIn" Val="implementation"/>
        <Attr Name="UsedIn" Val="simulation"/>
      </FileInfo>
    </File>
    <File Path="$PSRCDIR/sources_1/new/BCD_to_Seven_Seg.sv">
      <FileInfo>
        <Attr Name="ImportPath" Val="$PPRDIR/../lab_7/lab_7.srcs/sources_1/new/BCD_to_Seven_Seg.sv"/>
        <Attr Name="ImportTime" Val="1686181227"/>
        <Attr Name="UsedIn" Val="synthesis"/>
        <Attr Name="UsedIn" Val="implementation"/>
        <Attr Name="UsedIn" Val="simulation"/>
      </FileInfo>
    </File>
    <File Path="$PSRCDIR/sources_1/new/Display_Selector_32.sv">
      <FileInfo>
        <Attr Name="UsedIn" Val="synthesis"/>
        <Attr Name="UsedIn" Val="implementation"/>
        <Attr Name="UsedIn" Val="simulation"/>
      </FileInfo>
    </File>
    <File Path="$PSRCDIR/sources_1/new/Level-to-Pulse.sv">
      <FileInfo>
        <Attr Name="ImportPath" Val="$PPRDIR/../lab_7/lab_7.srcs/sources_1/new/Level-to-Pulse.sv"/>
        <Attr Name="ImportTime" Val="1686171335"/>
        <Attr Name="UsedIn" Val="synthesis"/>
        <Attr Name="UsedIn" Val="implementation"/>
        <Attr Name="UsedIn" Val="simulation"/>
      </FileInfo>
    </File>
    <File Path="$PSRCDIR/sources_1/new/NumTo7seg.sv">
      <FileInfo>
        <Attr Name="UsedIn" Val="synthesis"/>
        <Attr Name="UsedIn" Val="implementation"/>
        <Attr Name="UsedIn" Val="simulation"/>
      </FileInfo>
    </File>
    <File Path="$PSRCDIR/sources_1/new/ReversePolishFSM_UNDO.sv">
      <FileInfo>
        <Attr Name="ImportPath" Val="$PPRDIR/../lab_7_undo/lab_7_undo.srcs/sources_1/new/ReversePolishFSM_UNDO.sv"/>
        <Attr Name="ImportTime" Val="1686283927"/>
        <Attr Name="UsedIn" Val="synthesis"/>
        <Attr Name="UsedIn" Val="implementation"/>
        <Attr Name="UsedIn" Val="simulation"/>
      </FileInfo>
    </File>
    <File Path="$PSRCDIR/sources_1/new/binary_decoder.sv">
      <FileInfo>
        <Attr Name="ImportPath" Val="$PPRDIR/../lab_7/lab_7.srcs/sources_1/new/binary_decoder.sv"/>
        <Attr Name="ImportTime" Val="1686181268"/>
        <Attr Name="UsedIn" Val="synthesis"/>
        <Attr Name="UsedIn" Val="implementation"/>
        <Attr Name="UsedIn" Val="simulation"/>
      </FileInfo>
    </File>
    <File Path="$PSRCDIR/sources_1/new/clock_divider.sv">
      <FileInfo>
        <Attr Name="UsedIn" Val="synthesis"/>
        <Attr Name="UsedIn" Val="implementation"/>
        <Attr Name="UsedIn" Val="simulation"/>
      </FileInfo>
    </File>
    <File Path="$PSRCDIR/sources_1/new/counter_Nbit.sv">
      <FileInfo>
        <Attr Name="ImportPath" Val="$PPRDIR/../lab_7/lab_7.srcs/sources_1/new/counter_Nbit.sv"/>
        <Attr Name="ImportTime" Val="1686181308"/>
        <Attr Name="UsedIn" Val="synthesis"/>
        <Attr Name="UsedIn" Val="implementation"/>
        <Attr Name="UsedIn" Val="simulation"/>
      </FileInfo>
    </File>
    <File Path="$PSRCDIR/sources_1/new/register_N.sv">
      <FileInfo>
        <Attr Name="ImportPath" Val="$PPRDIR/../lab_7/lab_7.srcs/sources_1/new/register_N.sv"/>
        <Attr Name="ImportTime" Val="1686181470"/>
        <Attr Name="UsedIn" Val="synthesis"/>
        <Attr Name="UsedIn" Val="implementation"/>
        <Attr Name="UsedIn" Val="simulation"/>
      </FileInfo>
    </File>
    <File Path="$PSRCDIR/sources_1/new/temporal_multiplexing.sv">
      <FileInfo>
        <Attr Name="ImportPath" Val="$PPRDIR/../lab_7/lab_7.srcs/sources_1/new/temporal_multiplexing.sv"/>
        <Attr Name="ImportTime" Val="1686181545"/>
        <Attr Name="UsedIn" Val="synthesis"/>
        <Attr Name="UsedIn" Val="implementation"/>
        <Attr Name="UsedIn" Val="simulation"/>
      </FileInfo>
    </File>
    <File Path="$PSRCDIR/sources_1/new/S7_actividad1.sv">
      <FileInfo>
        <Attr Name="ImportPath" Val="$PPRDIR/../lab_7/lab_7.srcs/sources_1/new/S7_actividad1.sv"/>
        <Attr Name="ImportTime" Val="1686185903"/>
        <Attr Name="UsedIn" Val="synthesis"/>
        <Attr Name="UsedIn" Val="implementation"/>
        <Attr Name="UsedIn" Val="simulation"/>
      </FileInfo>
    </File>
    <File Path="$PSRCDIR/sources_1/new/Display_Selector.sv">
      <FileInfo>
        <Attr Name="AutoDisabled" Val="1"/>
        <Attr Name="ImportPath" Val="$PPRDIR/../lab_7/lab_7.srcs/sources_1/new/Display_Selector.sv"/>
        <Attr Name="ImportTime" Val="1686186672"/>
        <Attr Name="UsedIn" Val="synthesis"/>
        <Attr Name="UsedIn" Val="implementation"/>
        <Attr Name="UsedIn" Val="simulation"/>
      </FileInfo>
    </File>
    <File Path="$PSRCDIR/sources_1/new/Mux_4in.sv">
      <FileInfo>
        <Attr Name="AutoDisabled" Val="1"/>
        <Attr Name="ImportPath" Val="$PPRDIR/../lab_7/lab_7.srcs/sources_1/new/Mux_4in.sv"/>
        <Attr Name="ImportTime" Val="1686181362"/>
        <Attr Name="UsedIn" Val="synthesis"/>
        <Attr Name="UsedIn" Val="implementation"/>
        <Attr Name="UsedIn" Val="simulation"/>
      </FileInfo>
    </File>
    <File Path="$PSRCDIR/sources_1/new/ReversePolishFSM.sv">
      <FileInfo>
        <Attr Name="AutoDisabled" Val="1"/>
        <Attr Name="ImportPath" Val="$PPRDIR/../lab_7/lab_7.srcs/sources_1/new/ReversePolishFSM.sv"/>
        <Attr Name="ImportTime" Val="1686188181"/>
        <Attr Name="UsedIn" Val="synthesis"/>
        <Attr Name="UsedIn" Val="implementation"/>
        <Attr Name="UsedIn" Val="simulation"/>
      </FileInfo>
    </File>
    <Config>
      <Option Name="DesignMode" Val="RTL"/>
      <Option Name="TopModule" Val="S7_actividad3"/>
      <Option Name="TopAutoSet" Val="TRUE"/>
    </Config>
  </FileSet>
  <FileSet Name="constrs_in" Type="Constrs" RelSrcDir="$PSRCDIR/constrs_1">
    <Filter Type="Constrs"/>
    <File Path="$PSRCDIR/constrs_1/new/constraints.xdc">
      <FileInfo>
        <Attr Name="UsedIn" Val="synthesis"/>
        <Attr Name="UsedIn" Val="implementation"/>
      </FileInfo>
    </File>
    <Config>
      <Option Name="ConstrsType" Val="XDC"/>
    </Config>
  </FileSet>
  <FileSet Name="utils" Type="Utils" RelSrcDir="$PSRCDIR/utils_1">
    <Filter Type="Utils"/>
    <File Path="$PPRDIR/../lab_7/lab_7.srcs/utils_1/imports/synth_1/S7_actividad3.dcp">
      <FileInfo>
        <Attr Name="UsedIn" Val="synthesis"/>
        <Attr Name="UsedIn" Val="implementation"/>
        <Attr Name="UsedInSteps" Val="synth_1"/>
        <Attr Name="AutoDcp" Val="1"/>
      </FileInfo>
    </File>
    <Config>
      <Option Name="TopAutoSet" Val="TRUE"/>
    </Config>
  </FileSet>
  <Strategy Version="1" Minor="2">
    <StratHandle Name="Vivado Synthesis Defaults" Flow="Vivado Synthesis 2022"/>
    <Step Id="synth_design"/>
  </Strategy>
</GenRun>
